,0,1,accuracy,macro avg,weighted avg
precision,0.8973913043478261,0.3873170731707317,0.6951933701657459,0.642354188759279,0.7874858070223748
recall,0.6904225352112676,0.7125641025641025,0.6951933701657459,0.7014933188876851,0.6951933701657459
f1-score,0.7804179104477612,0.5018510158013544,0.6951933701657459,0.6411344631245578,0.720395209391353
support,14200.0,3900.0,0.6951933701657459,18100.0,18100.0
